geography_key,state,county,region
1,AK,ALEUTIANS WEST,West
2,AK,ANCHORAGE,West
3,AK,BETHEL,West
4,AK,Chugach,West
5,AK,FAIRBANKS NORTH STAR,West
6,AK,JUNEAU,West
7,AK,KENAI PENINSULA,West
8,AK,KETCHIKAN GATEWAY,West
9,AK,KODIAK ISLAND,West
10,AK,MATANUSKA SUSITNA,West
11,AK,NORTH SLOPE,West
12,AK,NORTHWEST ARCTIC,West
13,AK,SKAGWAY,West
14,AK,SOUTHEAST FAIRBANKS,West
15,AK,WRANGELL,West
16,AK,YUKON KOYUKUK,West
17,AL,AUTAUGA,South
18,AL,BALDWIN,South
19,AL,BARBOUR,South
20,AL,BIBB,South
21,AL,BLOUNT,South
22,AL,BULLOCK,South
23,AL,BUTLER,South
24,AL,CALHOUN,South
25,AL,CHAMBERS,South
26,AL,CHEROKEE,South
27,AL,CHILTON,South
28,AL,CLARKE,South
29,AL,CLAY,South
30,AL,CLEBURNE,South
31,AL,COFFEE,South
32,AL,COLBERT,South
33,AL,COVINGTON,South
34,AL,CRENSHAW,South
35,AL,CULLMAN,South
36,AL,DALE,South
37,AL,DALLAS,South
38,AL,DE KALB,South
39,AL,ELMORE,South
40,AL,ESCAMBIA,South
41,AL,ETOWAH,South
42,AL,FRANKLIN,South
43,AL,GENEVA,South
44,AL,HOUSTON,South
45,AL,JACKSON,South
46,AL,JEFFERSON,South
47,AL,LAUDERDALE,South
48,AL,LAWRENCE,South
49,AL,LEE,South
50,AL,LIMESTONE,South
51,AL,LOWNDES,South
52,AL,MACON,South
53,AL,MADISON,South
54,AL,MARSHALL,South
55,AL,MOBILE,South
56,AL,MONROE,South
57,AL,MONTGOMERY,South
58,AL,MORGAN,South
59,AL,PICKENS,South
60,AL,PIKE,South
61,AL,RANDOLPH,South
62,AL,RUSSELL,South
63,AL,SAINT CLAIR,South
64,AL,SHELBY,South
65,AL,SUMTER,South
66,AL,TALLADEGA,South
67,AL,TALLAPOOSA,South
68,AL,TUSCALOOSA,South
69,AL,WALKER,South
70,AL,WINSTON,South
71,AR,ARKANSAS,South
72,AR,BAXTER,South
73,AR,BENTON,South
74,AR,BOONE,South
75,AR,BRADLEY,South
76,AR,CARROLL,South
77,AR,CLARK,South
78,AR,CLAY,South
79,AR,CLEBURNE,South
80,AR,CLEVELAND,South
81,AR,COLUMBIA,South
82,AR,CONWAY,South
83,AR,CRAIGHEAD,South
84,AR,CRAWFORD,South
85,AR,CRITTENDEN,South
86,AR,DREW,South
87,AR,FAULKNER,South
88,AR,FRANKLIN,South
89,AR,GARLAND,South
90,AR,GRANT,South
91,AR,GREENE,South
92,AR,HEMPSTEAD,South
93,AR,HOT SPRING,South
94,AR,IZARD,South
95,AR,JEFFERSON,South
96,AR,LINCOLN,South
97,AR,LOGAN,South
98,AR,LONOKE,South
99,AR,MADISON,South
100,AR,MILLER,South
101,AR,MISSISSIPPI,South
102,AR,OUACHITA,South
103,AR,PERRY,South
104,AR,PHILLIPS,South
105,AR,POPE,South
106,AR,PRAIRIE,South
107,AR,PULASKI,South
108,AR,RANDOLPH,South
109,AR,SALINE,South
110,AR,SEBASTIAN,South
111,AR,STONE,South
112,AR,UNION,South
113,AR,VAN BUREN,South
114,AR,WASHINGTON,South
115,AR,WHITE,South
116,AZ,APACHE,West
117,AZ,COCHISE,West
118,AZ,COCONINO,West
119,AZ,GILA,West
120,AZ,GRAHAM,West
121,AZ,LA PAZ,West
122,AZ,MARICOPA,West
123,AZ,MOHAVE,West
124,AZ,NAVAJO,West
125,AZ,PIMA,West
126,AZ,PINAL,West
127,AZ,SANTA CRUZ,West
128,AZ,YAVAPAI,West
129,AZ,YUMA,West
130,CA,ALAMEDA,West
131,CA,AMADOR,West
132,CA,BUTTE,West
133,CA,CALAVERAS,West
134,CA,COLUSA,West
135,CA,CONTRA COSTA,West
136,CA,DEL NORTE,West
137,CA,EL DORADO,West
138,CA,FRESNO,West
139,CA,GLENN,West
140,CA,HUMBOLDT,West
141,CA,IMPERIAL,West
142,CA,INYO,West
143,CA,KERN,West
144,CA,KINGS,West
145,CA,LAKE,West
146,CA,LOS ANGELES,West
147,CA,MADERA,West
148,CA,MARIN,West
149,CA,MARIPOSA,West
150,CA,MENDOCINO,West
151,CA,MERCED,West
152,CA,MODOC,West
153,CA,MONO,West
154,CA,MONTEREY,West
155,CA,NAPA,West
156,CA,NEVADA,West
157,CA,ORANGE,West
158,CA,PLACER,West
159,CA,PLUMAS,West
160,CA,RIVERSIDE,West
161,CA,SACRAMENTO,West
162,CA,SAN BENITO,West
163,CA,SAN BERNARDINO,West
164,CA,SAN DIEGO,West
165,CA,SAN FRANCISCO,West
166,CA,SAN JOAQUIN,West
167,CA,SAN LUIS OBISPO,West
168,CA,SAN MATEO,West
169,CA,SANTA BARBARA,West
170,CA,SANTA CLARA,West
171,CA,SANTA CRUZ,West
172,CA,SHASTA,West
173,CA,SIERRA,West
174,CA,SISKIYOU,West
175,CA,SOLANO,West
176,CA,SONOMA,West
177,CA,STANISLAUS,West
178,CA,SUTTER,West
179,CA,TEHAMA,West
180,CA,TRINITY,West
181,CA,TULARE,West
182,CA,TUOLUMNE,West
183,CA,VENTURA,West
184,CA,YOLO,West
185,CA,YUBA,West
186,CO,ADAMS,West
187,CO,ALAMOSA,West
188,CO,ARAPAHOE,West
189,CO,ARCHULETA,West
190,CO,BENT,West
191,CO,BOULDER,West
192,CO,BROOMFIELD,West
193,CO,CHAFFEE,West
194,CO,CLEAR CREEK,West
195,CO,COSTILLA,West
196,CO,CROWLEY,West
197,CO,CUSTER,West
198,CO,DELTA,West
199,CO,DENVER,West
200,CO,DOLORES,West
201,CO,DOUGLAS,West
202,CO,EAGLE,West
203,CO,EL PASO,West
204,CO,ELBERT,West
205,CO,FREMONT,West
206,CO,GARFIELD,West
207,CO,GRAND,West
208,CO,GUNNISON,West
209,CO,HINSDALE,West
210,CO,HUERFANO,West
211,CO,JEFFERSON,West
212,CO,LA PLATA,West
213,CO,LAKE,West
214,CO,LARIMER,West
215,CO,LINCOLN,West
216,CO,LOGAN,West
217,CO,MESA,West
218,CO,MOFFAT,West
219,CO,MONTEZUMA,West
220,CO,MONTROSE,West
221,CO,MORGAN,West
222,CO,OTERO,West
223,CO,OURAY,West
224,CO,PARK,West
225,CO,PITKIN,West
226,CO,PROWERS,West
227,CO,PUEBLO,West
228,CO,RIO BLANCO,West
229,CO,ROUTT,West
230,CO,SAN MIGUEL,West
231,CO,SUMMIT,West
232,CO,TELLER,West
233,CO,WELD,West
234,CO,YUMA,West
235,CT,CAPITOL,Northeast
236,CT,FAIRFIELD,Northeast
237,CT,GREATER BRIDGEPORT,Northeast
238,CT,HARTFORD,Northeast
239,CT,LITCHFIELD,Northeast
240,CT,LOWER CT RIVER VLY,Northeast
241,CT,MIDDLESEX,Northeast
242,CT,NAUGATUCK VLY,Northeast
243,CT,NEW HAVEN,Northeast
244,CT,NEW LONDON,Northeast
245,CT,NORTHEASTERN CT,Northeast
246,CT,NW HILLS,Northeast
247,CT,SOUTH CENTRAL CT,Northeast
248,CT,SOUTHEASTERN CT,Northeast
249,CT,TOLLAND,Northeast
250,CT,WESTERN CT,Northeast
251,CT,WINDHAM,Northeast
252,DC,DISTRICT OF COLUMBIA,South
253,DE,KENT,South
254,DE,NEW CASTLE,South
255,DE,SUSSEX,South
256,FL,ALACHUA,South
257,FL,BAKER,South
258,FL,BAY,South
259,FL,BRADFORD,South
260,FL,BREVARD,South
261,FL,BROWARD,South
262,FL,CHARLOTTE,South
263,FL,CITRUS,South
264,FL,CLAY,South
265,FL,COLLIER,South
266,FL,COLUMBIA,South
267,FL,DE SOTO,South
268,FL,DUVAL,South
269,FL,ESCAMBIA,South
270,FL,FLAGLER,South
271,FL,FRANKLIN,South
272,FL,GADSDEN,South
273,FL,GILCHRIST,South
274,FL,GULF,South
275,FL,HAMILTON,South
276,FL,HARDEE,South
277,FL,HENDRY,South
278,FL,HERNANDO,South
279,FL,HIGHLANDS,South
280,FL,HILLSBOROUGH,South
281,FL,HOLMES,South
282,FL,INDIAN RIVER,South
283,FL,JACKSON,South
284,FL,JEFFERSON,South
285,FL,LAKE,South
286,FL,LEE,South
287,FL,LEON,South
288,FL,LEVY,South
289,FL,MADISON,South
290,FL,MANATEE,South
291,FL,MARION,South
292,FL,MARTIN,South
293,FL,MIAMI-DADE,South
294,FL,MONROE,South
295,FL,NASSAU,South
296,FL,OKALOOSA,South
297,FL,OKEECHOBEE,South
298,FL,ORANGE,South
299,FL,OSCEOLA,South
300,FL,PALM BEACH,South
301,FL,PASCO,South
302,FL,PINELLAS,South
303,FL,POLK,South
304,FL,PUTNAM,South
305,FL,SAINT JOHNS,South
306,FL,SAINT LUCIE,South
307,FL,SANTA ROSA,South
308,FL,SARASOTA,South
309,FL,SEMINOLE,South
310,FL,SUMTER,South
311,FL,SUWANNEE,South
312,FL,TAYLOR,South
313,FL,UNION,South
314,FL,VOLUSIA,South
315,FL,WAKULLA,South
316,FL,WALTON,South
317,GA,BACON,South
318,GA,BALDWIN,South
319,GA,BANKS,South
320,GA,BARROW,South
321,GA,BARTOW,South
322,GA,BIBB,South
323,GA,BLECKLEY,South
324,GA,BRYAN,South
325,GA,BULLOCH,South
326,GA,BUTTS,South
327,GA,CALHOUN,South
328,GA,CAMDEN,South
329,GA,CARROLL,South
330,GA,CATOOSA,South
331,GA,CHATHAM,South
332,GA,CHEROKEE,South
333,GA,CLARKE,South
334,GA,CLAYTON,South
335,GA,COBB,South
336,GA,COFFEE,South
337,GA,COLQUITT,South
338,GA,COLUMBIA,South
339,GA,COWETA,South
340,GA,DAWSON,South
341,GA,DEKALB,South
342,GA,DODGE,South
343,GA,DOOLY,South
344,GA,DOUGHERTY,South
345,GA,DOUGLAS,South
346,GA,EARLY,South
347,GA,EFFINGHAM,South
348,GA,ELBERT,South
349,GA,EMANUEL,South
350,GA,FANNIN,South
351,GA,FAYETTE,South
352,GA,FLOYD,South
353,GA,FORSYTH,South
354,GA,FRANKLIN,South
355,GA,FULTON,South
356,GA,GILMER,South
357,GA,GLYNN,South
358,GA,GORDON,South
359,GA,GRADY,South
360,GA,GREENE,South
361,GA,GWINNETT,South
362,GA,HABERSHAM,South
363,GA,HALL,South
364,GA,HARALSON,South
365,GA,HART,South
366,GA,HEARD,South
367,GA,HENRY,South
368,GA,HOUSTON,South
369,GA,IRWIN,South
370,GA,JACKSON,South
371,GA,JEFF DAVIS,South
372,GA,JEFFERSON,South
373,GA,JONES,South
374,GA,LAURENS,South
375,GA,LEE,South
376,GA,LIBERTY,South
377,GA,LOWNDES,South
378,GA,LUMPKIN,South
379,GA,MACON,South
380,GA,MADISON,South
381,GA,MCDUFFIE,South
382,GA,MCINTOSH,South
383,GA,MERIWETHER,South
384,GA,MITCHELL,South
385,GA,MONROE,South
386,GA,MORGAN,South
387,GA,MURRAY,South
388,GA,MUSCOGEE,South
389,GA,NEWTON,South
390,GA,OCONEE,South
391,GA,OGLETHORPE,South
392,GA,PAULDING,South
393,GA,PEACH,South
394,GA,PICKENS,South
395,GA,PIKE,South
396,GA,POLK,South
397,GA,PUTNAM,South
398,GA,RABUN,South
399,GA,RICHMOND,South
400,GA,ROCKDALE,South
401,GA,SCREVEN,South
402,GA,SPALDING,South
403,GA,STEPHENS,South
404,GA,SUMTER,South
405,GA,TATTNALL,South
406,GA,TELFAIR,South
407,GA,THOMAS,South
408,GA,TIFT,South
409,GA,TOOMBS,South
410,GA,TOWNS,South
411,GA,TROUP,South
412,GA,TURNER,South
413,GA,UNION,South
414,GA,UPSON,South
415,GA,WALKER,South
416,GA,WALTON,South
417,GA,WARE,South
418,GA,WAYNE,South
419,GA,WHITE,South
420,GA,WHITFIELD,South
421,GA,WORTH,South
422,GU,GUAM,Territory
423,HI,HAWAII,West
424,HI,HONOLULU,West
425,HI,KAUAI,West
426,HI,MAUI,West
427,IA,APPANOOSE,Midwest
428,IA,BENTON,Midwest
429,IA,BLACK HAWK,Midwest
430,IA,BOONE,Midwest
431,IA,BREMER,Midwest
432,IA,BUCHANAN,Midwest
433,IA,BUENA VISTA,Midwest
434,IA,BUTLER,Midwest
435,IA,CALHOUN,Midwest
436,IA,CEDAR,Midwest
437,IA,CERRO GORDO,Midwest
438,IA,CHICKASAW,Midwest
439,IA,CLARKE,Midwest
440,IA,CLAY,Midwest
441,IA,CLAYTON,Midwest
442,IA,CLINTON,Midwest
443,IA,CRAWFORD,Midwest
444,IA,DALLAS,Midwest
445,IA,DELAWARE,Midwest
446,IA,DES MOINES,Midwest
447,IA,DICKINSON,Midwest
448,IA,DUBUQUE,Midwest
449,IA,EMMET,Midwest
450,IA,FAYETTE,Midwest
451,IA,FLOYD,Midwest
452,IA,GRUNDY,Midwest
453,IA,GUTHRIE,Midwest
454,IA,HARDIN,Midwest
455,IA,HENRY,Midwest
456,IA,IDA,Midwest
457,IA,IOWA,Midwest
458,IA,JASPER,Midwest
459,IA,JEFFERSON,Midwest
460,IA,JOHNSON,Midwest
461,IA,JONES,Midwest
462,IA,KEOKUK,Midwest
463,IA,KOSSUTH,Midwest
464,IA,LEE,Midwest
465,IA,LINN,Midwest
466,IA,MADISON,Midwest
467,IA,MAHASKA,Midwest
468,IA,MARION,Midwest
469,IA,MARSHALL,Midwest
470,IA,MILLS,Midwest
471,IA,MITCHELL,Midwest
472,IA,MONONA,Midwest
473,IA,MONROE,Midwest
474,IA,MUSCATINE,Midwest
475,IA,OBRIEN,Midwest
476,IA,PALO ALTO,Midwest
477,IA,POLK,Midwest
478,IA,POTTAWATTAMIE,Midwest
479,IA,POWESHIEK,Midwest
480,IA,RINGGOLD,Midwest
481,IA,SAC,Midwest
482,IA,SCOTT,Midwest
483,IA,SIOUX,Midwest
484,IA,STORY,Midwest
485,IA,TAYLOR,Midwest
486,IA,UNION,Midwest
487,IA,WAPELLO,Midwest
488,IA,WARREN,Midwest
489,IA,WASHINGTON,Midwest
490,IA,WEBSTER,Midwest
491,IA,WOODBURY,Midwest
492,ID,ADA,West
493,ID,ADAMS,West
494,ID,BANNOCK,West
495,ID,BEAR LAKE,West
496,ID,BENEWAH,West
497,ID,BINGHAM,West
498,ID,BLAINE,West
499,ID,BOISE,West
500,ID,BONNER,West
501,ID,BONNEVILLE,West
502,ID,BOUNDARY,West
503,ID,CANYON,West
504,ID,CARIBOU,West
505,ID,CASSIA,West
506,ID,CLEARWATER,West
507,ID,CUSTER,West
508,ID,ELMORE,West
509,ID,FRANKLIN,West
510,ID,FREMONT,West
511,ID,GEM,West
512,ID,GOODING,West
513,ID,IDAHO,West
514,ID,JEFFERSON,West
515,ID,JEROME,West
516,ID,KOOTENAI,West
517,ID,LATAH,West
518,ID,LEMHI,West
519,ID,LEWIS,West
520,ID,LINCOLN,West
521,ID,MADISON,West
522,ID,MINIDOKA,West
523,ID,NEZ PERCE,West
524,ID,OWYHEE,West
525,ID,PAYETTE,West
526,ID,POWER,West
527,ID,SHOSHONE,West
528,ID,TETON,West
529,ID,TWIN FALLS,West
530,ID,VALLEY,West
531,ID,WASHINGTON,West
532,IL,ADAMS,Midwest
533,IL,BOND,Midwest
534,IL,BOONE,Midwest
535,IL,BUREAU,Midwest
536,IL,CARROLL,Midwest
537,IL,CHAMPAIGN,Midwest
538,IL,CHRISTIAN,Midwest
539,IL,CLINTON,Midwest
540,IL,COLES,Midwest
541,IL,COOK,Midwest
542,IL,DEKALB,Midwest
543,IL,DEWITT,Midwest
544,IL,DOUGLAS,Midwest
545,IL,DUPAGE,Midwest
546,IL,EDGAR,Midwest
547,IL,EFFINGHAM,Midwest
548,IL,FAYETTE,Midwest
549,IL,FRANKLIN,Midwest
550,IL,FULTON,Midwest
551,IL,GREENE,Midwest
552,IL,GRUNDY,Midwest
553,IL,HANCOCK,Midwest
554,IL,HENRY,Midwest
555,IL,JACKSON,Midwest
556,IL,JEFFERSON,Midwest
557,IL,JERSEY,Midwest
558,IL,JOHNSON,Midwest
559,IL,KANE,Midwest
560,IL,KANKAKEE,Midwest
561,IL,KENDALL,Midwest
562,IL,KNOX,Midwest
563,IL,LA SALLE,Midwest
564,IL,LAKE,Midwest
565,IL,LAWRENCE,Midwest
566,IL,LEE,Midwest
567,IL,LIVINGSTON,Midwest
568,IL,MACON,Midwest
569,IL,MACOUPIN,Midwest
570,IL,MADISON,Midwest
571,IL,MCDONOUGH,Midwest
572,IL,MCHENRY,Midwest
573,IL,MCLEAN,Midwest
574,IL,MENARD,Midwest
575,IL,MONROE,Midwest
576,IL,MONTGOMERY,Midwest
577,IL,MORGAN,Midwest
578,IL,OGLE,Midwest
579,IL,PEORIA,Midwest
580,IL,PIATT,Midwest
581,IL,RANDOLPH,Midwest
582,IL,RICHLAND,Midwest
583,IL,ROCK ISLAND,Midwest
584,IL,SAINT CLAIR,Midwest
585,IL,SANGAMON,Midwest
586,IL,SCHUYLER,Midwest
587,IL,STEPHENSON,Midwest
588,IL,TAZEWELL,Midwest
589,IL,VERMILION,Midwest
590,IL,WARREN,Midwest
591,IL,WHITE,Midwest
592,IL,WHITESIDE,Midwest
593,IL,WILL,Midwest
594,IL,WILLIAMSON,Midwest
595,IL,WINNEBAGO,Midwest
596,IL,WOODFORD,Midwest
597,IN,ADAMS,Midwest
598,IN,ALLEN,Midwest
599,IN,BARTHOLOMEW,Midwest
600,IN,BENTON,Midwest
601,IN,BLACKFORD,Midwest
602,IN,BOONE,Midwest
603,IN,BROWN,Midwest
604,IN,CARROLL,Midwest
605,IN,CASS,Midwest
606,IN,CLARK,Midwest
607,IN,CLAY,Midwest
608,IN,CLINTON,Midwest
609,IN,CRAWFORD,Midwest
610,IN,DAVIESS,Midwest
611,IN,DE KALB,Midwest
612,IN,DEARBORN,Midwest
613,IN,DECATUR,Midwest
614,IN,DELAWARE,Midwest
615,IN,DUBOIS,Midwest
616,IN,ELKHART,Midwest
617,IN,FAYETTE,Midwest
618,IN,FLOYD,Midwest
619,IN,FRANKLIN,Midwest
620,IN,FULTON,Midwest
621,IN,GIBSON,Midwest
622,IN,GREENE,Midwest
623,IN,HAMILTON,Midwest
624,IN,HANCOCK,Midwest
625,IN,HARRISON,Midwest
626,IN,HENDRICKS,Midwest
627,IN,HENRY,Midwest
628,IN,HOWARD,Midwest
629,IN,HUNTINGTON,Midwest
630,IN,JASPER,Midwest
631,IN,JAY,Midwest
632,IN,JEFFERSON,Midwest
633,IN,JOHNSON,Midwest
634,IN,KOSCIUSKO,Midwest
635,IN,LA PORTE,Midwest
636,IN,LAGRANGE,Midwest
637,IN,LAKE,Midwest
638,IN,LAWRENCE,Midwest
639,IN,MADISON,Midwest
640,IN,MARION,Midwest
641,IN,MARSHALL,Midwest
642,IN,MIAMI,Midwest
643,IN,MONROE,Midwest
644,IN,MONTGOMERY,Midwest
645,IN,MORGAN,Midwest
646,IN,NOBLE,Midwest
647,IN,ORANGE,Midwest
648,IN,OWEN,Midwest
649,IN,PERRY,Midwest
650,IN,PORTER,Midwest
651,IN,POSEY,Midwest
652,IN,PUTNAM,Midwest
653,IN,RANDOLPH,Midwest
654,IN,RIPLEY,Midwest
655,IN,RUSH,Midwest
656,IN,SCOTT,Midwest
657,IN,SHELBY,Midwest
658,IN,SPENCER,Midwest
659,IN,ST JOSEPH,Midwest
660,IN,STARKE,Midwest
661,IN,STEUBEN,Midwest
662,IN,SULLIVAN,Midwest
663,IN,TIPPECANOE,Midwest
664,IN,TIPTON,Midwest
665,IN,UNION,Midwest
666,IN,VANDERBURGH,Midwest
667,IN,VIGO,Midwest
668,IN,WABASH,Midwest
669,IN,WARREN,Midwest
670,IN,WARRICK,Midwest
671,IN,WASHINGTON,Midwest
672,IN,WAYNE,Midwest
673,IN,WELLS,Midwest
674,IN,WHITLEY,Midwest
675,KS,ANDERSON,Midwest
676,KS,ATCHISON,Midwest
677,KS,BARTON,Midwest
678,KS,BOURBON,Midwest
679,KS,BUTLER,Midwest
680,KS,CHEROKEE,Midwest
681,KS,CHEYENNE,Midwest
682,KS,CLARK,Midwest
683,KS,CLAY,Midwest
684,KS,CLOUD,Midwest
685,KS,COWLEY,Midwest
686,KS,CRAWFORD,Midwest
687,KS,DOUGLAS,Midwest
688,KS,EDWARDS,Midwest
689,KS,ELLIS,Midwest
690,KS,ELLSWORTH,Midwest
691,KS,FINNEY,Midwest
692,KS,FRANKLIN,Midwest
693,KS,GRANT,Midwest
694,KS,HAMILTON,Midwest
695,KS,HARVEY,Midwest
696,KS,JEFFERSON,Midwest
697,KS,JOHNSON,Midwest
698,KS,KEARNY,Midwest
699,KS,LABETTE,Midwest
700,KS,LEAVENWORTH,Midwest
701,KS,LINN,Midwest
702,KS,LYON,Midwest
703,KS,MARION,Midwest
704,KS,MCPHERSON,Midwest
705,KS,MIAMI,Midwest
706,KS,MITCHELL,Midwest
707,KS,MONTGOMERY,Midwest
708,KS,NEMAHA,Midwest
709,KS,NEOSHO,Midwest
710,KS,NESS,Midwest
711,KS,OSAGE,Midwest
712,KS,OSBORNE,Midwest
713,KS,PAWNEE,Midwest
714,KS,POTTAWATOMIE,Midwest
715,KS,PRATT,Midwest
716,KS,RENO,Midwest
717,KS,REPUBLIC,Midwest
718,KS,RILEY,Midwest
719,KS,ROOKS,Midwest
720,KS,RUSH,Midwest
721,KS,SALINE,Midwest
722,KS,SEDGWICK,Midwest
723,KS,SHAWNEE,Midwest
724,KS,SHERMAN,Midwest
725,KS,STANTON,Midwest
726,KS,STEVENS,Midwest
727,KS,SUMNER,Midwest
728,KS,THOMAS,Midwest
729,KS,WYANDOTTE,Midwest
730,KY,ALLEN,South
731,KY,ANDERSON,South
732,KY,BARREN,South
733,KY,BATH,South
734,KY,BOONE,South
735,KY,BOURBON,South
736,KY,BOYD,South
737,KY,BOYLE,South
738,KY,BULLITT,South
739,KY,CALDWELL,South
740,KY,CALLOWAY,South
741,KY,CAMPBELL,South
742,KY,CARTER,South
743,KY,CHRISTIAN,South
744,KY,CLARK,South
745,KY,DAVIESS,South
746,KY,EDMONSON,South
747,KY,FAYETTE,South
748,KY,FLEMING,South
749,KY,FLOYD,South
750,KY,FRANKLIN,South
751,KY,GALLATIN,South
752,KY,GRANT,South
753,KY,GRAVES,South
754,KY,GRAYSON,South
755,KY,GREENUP,South
756,KY,HARDIN,South
757,KY,HARRISON,South
758,KY,HENDERSON,South
759,KY,HENRY,South
760,KY,HOPKINS,South
761,KY,JEFFERSON,South
762,KY,JESSAMINE,South
763,KY,JOHNSON,South
764,KY,KENTON,South
765,KY,KNOTT,South
766,KY,KNOX,South
767,KY,LAUREL,South
768,KY,LESLIE,South
769,KY,LETCHER,South
770,KY,LINCOLN,South
771,KY,LOGAN,South
772,KY,LYON,South
773,KY,MADISON,South
774,KY,MAGOFFIN,South
775,KY,MARSHALL,South
776,KY,MASON,South
777,KY,MCCRACKEN,South
778,KY,MCLEAN,South
779,KY,MENIFEE,South
780,KY,MERCER,South
781,KY,METCALFE,South
782,KY,MONTGOMERY,South
783,KY,MUHLENBERG,South
784,KY,NELSON,South
785,KY,OLDHAM,South
786,KY,OWEN,South
787,KY,PENDLETON,South
788,KY,PIKE,South
789,KY,PULASKI,South
790,KY,ROCKCASTLE,South
791,KY,ROWAN,South
792,KY,RUSSELL,South
793,KY,SCOTT,South
794,KY,SHELBY,South
795,KY,SIMPSON,South
796,KY,SPENCER,South
797,KY,TRIGG,South
798,KY,TRIMBLE,South
799,KY,WARREN,South
800,KY,WAYNE,South
801,KY,WHITLEY,South
802,KY,WOODFORD,South
803,LA,ACADIA,South
804,LA,ALLEN,South
805,LA,ASCENSION,South
806,LA,AVOYELLES,South
807,LA,BEAUREGARD,South
808,LA,BIENVILLE,South
809,LA,BOSSIER,South
810,LA,CADDO,South
811,LA,CALCASIEU,South
812,LA,CALDWELL,South
813,LA,CATAHOULA,South
814,LA,CLAIBORNE,South
815,LA,DE SOTO,South
816,LA,EAST BATON ROUGE,South
817,LA,EAST FELICIANA,South
818,LA,EVANGELINE,South
819,LA,FRANKLIN,South
820,LA,IBERIA,South
821,LA,IBERVILLE,South
822,LA,JACKSON,South
823,LA,JEFFERSON,South
824,LA,JEFFERSON DAVIS,South
825,LA,LA SALLE,South
826,LA,LAFAYETTE,South
827,LA,LAFOURCHE,South
828,LA,LINCOLN,South
829,LA,LIVINGSTON,South
830,LA,NATCHITOCHES,South
831,LA,ORLEANS,South
832,LA,OUACHITA,South
833,LA,PLAQUEMINES,South
834,LA,POINTE COUPEE,South
835,LA,RAPIDES,South
836,LA,SAINT BERNARD,South
837,LA,SAINT CHARLES,South
838,LA,SAINT HELENA,South
839,LA,SAINT JAMES,South
840,LA,SAINT LANDRY,South
841,LA,SAINT MARY,South
842,LA,SAINT TAMMANY,South
843,LA,ST JOHN THE BAPTIST,South
844,LA,TANGIPAHOA,South
845,LA,TERREBONNE,South
846,LA,UNION,South
847,LA,VERMILION,South
848,LA,VERNON,South
849,LA,WEBSTER,South
850,LA,WEST BATON ROUGE,South
851,LA,WEST FELICIANA,South
852,LA,WINN,South
853,MA,BARNSTABLE,Northeast
854,MA,BERKSHIRE,Northeast
855,MA,BRISTOL,Northeast
856,MA,DUKES,Northeast
857,MA,ESSEX,Northeast
858,MA,FRANKLIN,Northeast
859,MA,HAMPDEN,Northeast
860,MA,HAMPSHIRE,Northeast
861,MA,MIDDLESEX,Northeast
862,MA,NANTUCKET,Northeast
863,MA,NORFOLK,Northeast
864,MA,PLYMOUTH,Northeast
865,MA,SUFFOLK,Northeast
866,MA,WORCESTER,Northeast
867,MD,ALLEGANY,South
868,MD,ANNE ARUNDEL,South
869,MD,BALTIMORE,South
870,MD,BALTIMORE CITY,South
871,MD,CALVERT,South
872,MD,CAROLINE,South
873,MD,CARROLL,South
874,MD,CECIL,South
875,MD,CHARLES,South
876,MD,DORCHESTER,South
877,MD,FREDERICK,South
878,MD,GARRETT,South
879,MD,HARFORD,South
880,MD,HOWARD,South
881,MD,KENT,South
882,MD,MONTGOMERY,South
883,MD,PRINCE GEORGES,South
884,MD,QUEEN ANNES,South
885,MD,SAINT MARYS,South
886,MD,TALBOT,South
887,MD,WASHINGTON,South
888,MD,WICOMICO,South
889,MD,WORCESTER,South
890,ME,ANDROSCOGGIN,Northeast
891,ME,AROOSTOOK,Northeast
892,ME,CUMBERLAND,Northeast
893,ME,FRANKLIN,Northeast
894,ME,HANCOCK,Northeast
895,ME,KENNEBEC,Northeast
896,ME,KNOX,Northeast
897,ME,LINCOLN,Northeast
898,ME,OXFORD,Northeast
899,ME,PENOBSCOT,Northeast
900,ME,PISCATAQUIS,Northeast
901,ME,SAGADAHOC,Northeast
902,ME,SOMERSET,Northeast
903,ME,WALDO,Northeast
904,ME,WASHINGTON,Northeast
905,ME,YORK,Northeast
906,MI,ALLEGAN,Midwest
907,MI,ALPENA,Midwest
908,MI,ANTRIM,Midwest
909,MI,ARENAC,Midwest
910,MI,BARRY,Midwest
911,MI,BAY,Midwest
912,MI,BENZIE,Midwest
913,MI,BERRIEN,Midwest
914,MI,BRANCH,Midwest
915,MI,CALHOUN,Midwest
916,MI,CASS,Midwest
917,MI,CHARLEVOIX,Midwest
918,MI,CHEBOYGAN,Midwest
919,MI,CHIPPEWA,Midwest
920,MI,CLARE,Midwest
921,MI,CLINTON,Midwest
922,MI,CRAWFORD,Midwest
923,MI,DELTA,Midwest
924,MI,DICKINSON,Midwest
925,MI,EATON,Midwest
926,MI,EMMET,Midwest
927,MI,GENESEE,Midwest
928,MI,GLADWIN,Midwest
929,MI,GOGEBIC,Midwest
930,MI,GRAND TRAVERSE,Midwest
931,MI,GRATIOT,Midwest
932,MI,HILLSDALE,Midwest
933,MI,HOUGHTON,Midwest
934,MI,HURON,Midwest
935,MI,INGHAM,Midwest
936,MI,IONIA,Midwest
937,MI,IOSCO,Midwest
938,MI,ISABELLA,Midwest
939,MI,JACKSON,Midwest
940,MI,KALAMAZOO,Midwest
941,MI,KALKASKA,Midwest
942,MI,KENT,Midwest
943,MI,KEWEENAW,Midwest
944,MI,LAKE,Midwest
945,MI,LAPEER,Midwest
946,MI,LEELANAU,Midwest
947,MI,LENAWEE,Midwest
948,MI,LIVINGSTON,Midwest
949,MI,MACOMB,Midwest
950,MI,MANISTEE,Midwest
951,MI,MARQUETTE,Midwest
952,MI,MASON,Midwest
953,MI,MECOSTA,Midwest
954,MI,MIDLAND,Midwest
955,MI,MISSAUKEE,Midwest
956,MI,MONROE,Midwest
957,MI,MONTCALM,Midwest
958,MI,MONTMORENCY,Midwest
959,MI,MUSKEGON,Midwest
960,MI,NEWAYGO,Midwest
961,MI,OAKLAND,Midwest
962,MI,OCEANA,Midwest
963,MI,OGEMAW,Midwest
964,MI,ONTONAGON,Midwest
965,MI,OSCEOLA,Midwest
966,MI,OSCODA,Midwest
967,MI,OTSEGO,Midwest
968,MI,OTTAWA,Midwest
969,MI,ROSCOMMON,Midwest
970,MI,SAGINAW,Midwest
971,MI,SAINT CLAIR,Midwest
972,MI,SAINT JOSEPH,Midwest
973,MI,SANILAC,Midwest
974,MI,SHIAWASSEE,Midwest
975,MI,TUSCOLA,Midwest
976,MI,VAN BUREN,Midwest
977,MI,WASHTENAW,Midwest
978,MI,WAYNE,Midwest
979,MI,WEXFORD,Midwest
980,MN,AITKIN,Midwest
981,MN,ANOKA,Midwest
982,MN,BECKER,Midwest
983,MN,BELTRAMI,Midwest
984,MN,BENTON,Midwest
985,MN,BLUE EARTH,Midwest
986,MN,BROWN,Midwest
987,MN,CARLTON,Midwest
988,MN,CARVER,Midwest
989,MN,CASS,Midwest
990,MN,CHIPPEWA,Midwest
991,MN,CHISAGO,Midwest
992,MN,CLAY,Midwest
993,MN,CLEARWATER,Midwest
994,MN,COOK,Midwest
995,MN,COTTONWOOD,Midwest
996,MN,CROW WING,Midwest
997,MN,DAKOTA,Midwest
998,MN,DODGE,Midwest
999,MN,DOUGLAS,Midwest
1000,MN,FARIBAULT,Midwest
1001,MN,FILLMORE,Midwest
1002,MN,FREEBORN,Midwest
1003,MN,GOODHUE,Midwest
1004,MN,HENNEPIN,Midwest
1005,MN,HOUSTON,Midwest
1006,MN,HUBBARD,Midwest
1007,MN,ISANTI,Midwest
1008,MN,ITASCA,Midwest
1009,MN,KANABEC,Midwest
1010,MN,KANDIYOHI,Midwest
1011,MN,KOOCHICHING,Midwest
1012,MN,LAKE,Midwest
1013,MN,LAKE OF THE WOODS,Midwest
1014,MN,LE SUEUR,Midwest
1015,MN,LINCOLN,Midwest
1016,MN,LYON,Midwest
1017,MN,MARSHALL,Midwest
1018,MN,MARTIN,Midwest
1019,MN,MCLEOD,Midwest
1020,MN,MILLE LACS,Midwest
1021,MN,MORRISON,Midwest
1022,MN,MOWER,Midwest
1023,MN,MURRAY,Midwest
1024,MN,NICOLLET,Midwest
1025,MN,NORMAN,Midwest
1026,MN,OLMSTED,Midwest
1027,MN,OTTER TAIL,Midwest
1028,MN,PENNINGTON,Midwest
1029,MN,PINE,Midwest
1030,MN,PIPESTONE,Midwest
1031,MN,POLK,Midwest
1032,MN,POPE,Midwest
1033,MN,RAMSEY,Midwest
1034,MN,REDWOOD,Midwest
1035,MN,RENVILLE,Midwest
1036,MN,RICE,Midwest
1037,MN,ROCK,Midwest
1038,MN,ROSEAU,Midwest
1039,MN,SAINT LOUIS,Midwest
1040,MN,SCOTT,Midwest
1041,MN,SHERBURNE,Midwest
1042,MN,SIBLEY,Midwest
1043,MN,STEARNS,Midwest
1044,MN,STEELE,Midwest
1045,MN,STEVENS,Midwest
1046,MN,SWIFT,Midwest
1047,MN,TODD,Midwest
1048,MN,WABASHA,Midwest
1049,MN,WADENA,Midwest
1050,MN,WASECA,Midwest
1051,MN,WASHINGTON,Midwest
1052,MN,WINONA,Midwest
1053,MN,WRIGHT,Midwest
1054,MN,YELLOW MEDICINE,Midwest
1055,MO,ANDREW,Midwest
1056,MO,AUDRAIN,Midwest
1057,MO,BARRY,Midwest
1058,MO,BARTON,Midwest
1059,MO,BATES,Midwest
1060,MO,BOLLINGER,Midwest
1061,MO,BOONE,Midwest
1062,MO,BUCHANAN,Midwest
1063,MO,BUTLER,Midwest
1064,MO,CALDWELL,Midwest
1065,MO,CALLAWAY,Midwest
1066,MO,CAMDEN,Midwest
1067,MO,CAPE GIRARDEAU,Midwest
1068,MO,CASS,Midwest
1069,MO,CEDAR,Midwest
1070,MO,CHARITON,Midwest
1071,MO,CHRISTIAN,Midwest
1072,MO,CLAY,Midwest
1073,MO,COLE,Midwest
1074,MO,COOPER,Midwest
1075,MO,CRAWFORD,Midwest
1076,MO,DADE,Midwest
1077,MO,DALLAS,Midwest
1078,MO,DAVIESS,Midwest
1079,MO,DOUGLAS,Midwest
1080,MO,FRANKLIN,Midwest
1081,MO,GREENE,Midwest
1082,MO,HARRISON,Midwest
1083,MO,HENRY,Midwest
1084,MO,HICKORY,Midwest
1085,MO,HOWELL,Midwest
1086,MO,JACKSON,Midwest
1087,MO,JASPER,Midwest
1088,MO,JEFFERSON,Midwest
1089,MO,JOHNSON,Midwest
1090,MO,LACLEDE,Midwest
1091,MO,LAFAYETTE,Midwest
1092,MO,LAWRENCE,Midwest
1093,MO,LEWIS,Midwest
1094,MO,LINCOLN,Midwest
1095,MO,MACON,Midwest
1096,MO,MARION,Midwest
1097,MO,MCDONALD,Midwest
1098,MO,MILLER,Midwest
1099,MO,MONITEAU,Midwest
1100,MO,MONTGOMERY,Midwest
1101,MO,MORGAN,Midwest
1102,MO,NEW MADRID,Midwest
1103,MO,NEWTON,Midwest
1104,MO,NODAWAY,Midwest
1105,MO,OREGON,Midwest
1106,MO,PERRY,Midwest
1107,MO,PETTIS,Midwest
1108,MO,PHELPS,Midwest
1109,MO,PIKE,Midwest
1110,MO,PLATTE,Midwest
1111,MO,POLK,Midwest
1112,MO,PULASKI,Midwest
1113,MO,RALLS,Midwest
1114,MO,RANDOLPH,Midwest
1115,MO,RAY,Midwest
1116,MO,REYNOLDS,Midwest
1117,MO,RIPLEY,Midwest
1118,MO,SAINT CHARLES,Midwest
1119,MO,SAINT CLAIR,Midwest
1120,MO,SAINT FRANCOIS,Midwest
1121,MO,SAINT LOUIS,Midwest
1122,MO,SAINT LOUIS CITY,Midwest
1123,MO,SAINTE GENEVIEVE,Midwest
1124,MO,SCOTT,Midwest
1125,MO,STODDARD,Midwest
1126,MO,STONE,Midwest
1127,MO,SULLIVAN,Midwest
1128,MO,TANEY,Midwest
1129,MO,TEXAS,Midwest
1130,MO,VERNON,Midwest
1131,MO,WARREN,Midwest
1132,MO,WASHINGTON,Midwest
1133,MO,WAYNE,Midwest
1134,MO,WEBSTER,Midwest
1135,MO,WORTH,Midwest
1136,MO,WRIGHT,Midwest
1137,MS,ADAMS,South
1138,MS,ALCORN,South
1139,MS,AMITE,South
1140,MS,BOLIVAR,South
1141,MS,CALHOUN,South
1142,MS,CHICKASAW,South
1143,MS,CLARKE,South
1144,MS,CLAY,South
1145,MS,COAHOMA,South
1146,MS,COPIAH,South
1147,MS,COVINGTON,South
1148,MS,DESOTO,South
1149,MS,FORREST,South
1150,MS,GEORGE,South
1151,MS,HANCOCK,South
1152,MS,HARRISON,South
1153,MS,HINDS,South
1154,MS,HOLMES,South
1155,MS,JACKSON,South
1156,MS,JASPER,South
1157,MS,JEFFERSON DAVIS,South
1158,MS,JONES,South
1159,MS,LAFAYETTE,South
1160,MS,LAMAR,South
1161,MS,LAUDERDALE,South
1162,MS,LAWRENCE,South
1163,MS,LEAKE,South
1164,MS,LEE,South
1165,MS,LEFLORE,South
1166,MS,LINCOLN,South
1167,MS,LOWNDES,South
1168,MS,MADISON,South
1169,MS,MARION,South
1170,MS,NESHOBA,South
1171,MS,NEWTON,South
1172,MS,NOXUBEE,South
1173,MS,OKTIBBEHA,South
1174,MS,PANOLA,South
1175,MS,PEARL RIVER,South
1176,MS,PIKE,South
1177,MS,PRENTISS,South
1178,MS,RANKIN,South
1179,MS,SCOTT,South
1180,MS,SIMPSON,South
1181,MS,SMITH,South
1182,MS,STONE,South
1183,MS,SUNFLOWER,South
1184,MS,TATE,South
1185,MS,TISHOMINGO,South
1186,MS,TUNICA,South
1187,MS,UNION,South
1188,MS,WALTHALL,South
1189,MS,WASHINGTON,South
1190,MS,WAYNE,South
1191,MS,WEBSTER,South
1192,MS,WINSTON,South
1193,MS,YALOBUSHA,South
1194,MS,YAZOO,South
1195,MT,BEAVERHEAD,West
1196,MT,BIG HORN,West
1197,MT,BLAINE,West
1198,MT,CARBON,West
1199,MT,CASCADE,West
1200,MT,CUSTER,West
1201,MT,FERGUS,West
1202,MT,FLATHEAD,West
1203,MT,GALLATIN,West
1204,MT,HILL,West
1205,MT,JEFFERSON,West
1206,MT,LAKE,West
1207,MT,LEWIS AND CLARK,West
1208,MT,MINERAL,West
1209,MT,MISSOULA,West
1210,MT,PARK,West
1211,MT,PONDERA,West
1212,MT,RAVALLI,West
1213,MT,RICHLAND,West
1214,MT,ROOSEVELT,West
1215,MT,ROSEBUD,West
1216,MT,SANDERS,West
1217,MT,SILVER BOW,West
1218,MT,STILLWATER,West
1219,MT,SWEET GRASS,West
1220,MT,YELLOWSTONE,West
1221,NC,ALAMANCE,South
1222,NC,ALEXANDER,South
1223,NC,ANSON,South
1224,NC,ASHE,South
1225,NC,AVERY,South
1226,NC,BEAUFORT,South
1227,NC,BRUNSWICK,South
1228,NC,BUNCOMBE,South
1229,NC,BURKE,South
1230,NC,CABARRUS,South
1231,NC,CALDWELL,South
1232,NC,CAMDEN,South
1233,NC,CARTERET,South
1234,NC,CASWELL,South
1235,NC,CATAWBA,South
1236,NC,CHATHAM,South
1237,NC,CHEROKEE,South
1238,NC,CHOWAN,South
1239,NC,CLAY,South
1240,NC,CLEVELAND,South
1241,NC,COLUMBUS,South
1242,NC,CRAVEN,South
1243,NC,CUMBERLAND,South
1244,NC,CURRITUCK,South
1245,NC,DARE,South
1246,NC,DAVIDSON,South
1247,NC,DAVIE,South
1248,NC,DUPLIN,South
1249,NC,DURHAM,South
1250,NC,EDGECOMBE,South
1251,NC,FORSYTH,South
1252,NC,FRANKLIN,South
1253,NC,GASTON,South
1254,NC,GATES,South
1255,NC,GRAHAM,South
1256,NC,GRANVILLE,South
1257,NC,GUILFORD,South
1258,NC,HALIFAX,South
1259,NC,HARNETT,South
1260,NC,HAYWOOD,South
1261,NC,HENDERSON,South
1262,NC,HOKE,South
1263,NC,HYDE,South
1264,NC,IREDELL,South
1265,NC,JACKSON,South
1266,NC,JOHNSTON,South
1267,NC,JONES,South
1268,NC,LEE,South
1269,NC,LENOIR,South
1270,NC,LINCOLN,South
1271,NC,MACON,South
1272,NC,MADISON,South
1273,NC,MCDOWELL,South
1274,NC,MECKLENBURG,South
1275,NC,MONTGOMERY,South
1276,NC,MOORE,South
1277,NC,NASH,South
1278,NC,NEW HANOVER,South
1279,NC,ONSLOW,South
1280,NC,ORANGE,South
1281,NC,PASQUOTANK,South
1282,NC,PENDER,South
1283,NC,PERSON,South
1284,NC,PITT,South
1285,NC,POLK,South
1286,NC,RANDOLPH,South
1287,NC,RICHMOND,South
1288,NC,ROBESON,South
1289,NC,ROCKINGHAM,South
1290,NC,ROWAN,South
1291,NC,RUTHERFORD,South
1292,NC,SAMPSON,South
1293,NC,STANLY,South
1294,NC,STOKES,South
1295,NC,SURRY,South
1296,NC,SWAIN,South
1297,NC,TRANSYLVANIA,South
1298,NC,UNION,South
1299,NC,VANCE,South
1300,NC,WAKE,South
1301,NC,WATAUGA,South
1302,NC,WAYNE,South
1303,NC,WILKES,South
1304,NC,WILSON,South
1305,NC,YADKIN,South
1306,NC,YANCEY,South
1307,ND,BARNES,Midwest
1308,ND,BILLINGS,Midwest
1309,ND,BURLEIGH,Midwest
1310,ND,CASS,Midwest
1311,ND,GRAND FORKS,Midwest
1312,ND,KIDDER,Midwest
1313,ND,MCKENZIE,Midwest
1314,ND,MERCER,Midwest
1315,ND,MORTON,Midwest
1316,ND,MOUNTRAIL,Midwest
1317,ND,PEMBINA,Midwest
1318,ND,RAMSEY,Midwest
1319,ND,RICHLAND,Midwest
1320,ND,STARK,Midwest
1321,ND,STUTSMAN,Midwest
1322,ND,WALSH,Midwest
1323,ND,WARD,Midwest
1324,ND,WELLS,Midwest
1325,ND,WILLIAMS,Midwest
1326,NE,BOX BUTTE,Midwest
1327,NE,BUFFALO,Midwest
1328,NE,BUTLER,Midwest
1329,NE,CASS,Midwest
1330,NE,CHERRY,Midwest
1331,NE,CHEYENNE,Midwest
1332,NE,COLFAX,Midwest
1333,NE,CUMING,Midwest
1334,NE,CUSTER,Midwest
1335,NE,DAWSON,Midwest
1336,NE,DEUEL,Midwest
1337,NE,DODGE,Midwest
1338,NE,DOUGLAS,Midwest
1339,NE,FURNAS,Midwest
1340,NE,GAGE,Midwest
1341,NE,GARDEN,Midwest
1342,NE,HALL,Midwest
1343,NE,HOLT,Midwest
1344,NE,HOWARD,Midwest
1345,NE,JEFFERSON,Midwest
1346,NE,JOHNSON,Midwest
1347,NE,KEARNEY,Midwest
1348,NE,KEITH,Midwest
1349,NE,LANCASTER,Midwest
1350,NE,LINCOLN,Midwest
1351,NE,MADISON,Midwest
1352,NE,MERRICK,Midwest
1353,NE,MORRILL,Midwest
1354,NE,OTOE,Midwest
1355,NE,PAWNEE,Midwest
1356,NE,PHELPS,Midwest
1357,NE,PIERCE,Midwest
1358,NE,PLATTE,Midwest
1359,NE,RED WILLOW,Midwest
1360,NE,SARPY,Midwest
1361,NE,SAUNDERS,Midwest
1362,NE,SCOTTS BLUFF,Midwest
1363,NE,SEWARD,Midwest
1364,NE,STANTON,Midwest
1365,NE,WASHINGTON,Midwest
1366,NE,YORK,Midwest
1367,NH,BELKNAP,Northeast
1368,NH,CARROLL,Northeast
1369,NH,CHESHIRE,Northeast
1370,NH,COOS,Northeast
1371,NH,GRAFTON,Northeast
1372,NH,HILLSBOROUGH,Northeast
1373,NH,MERRIMACK,Northeast
1374,NH,ROCKINGHAM,Northeast
1375,NH,STRAFFORD,Northeast
1376,NH,SULLIVAN,Northeast
1377,NJ,ATLANTIC,Northeast
1378,NJ,BERGEN,Northeast
1379,NJ,BURLINGTON,Northeast
1380,NJ,CAMDEN,Northeast
1381,NJ,CAPE MAY,Northeast
1382,NJ,CUMBERLAND,Northeast
1383,NJ,ESSEX,Northeast
1384,NJ,GLOUCESTER,Northeast
1385,NJ,HUDSON,Northeast
1386,NJ,HUNTERDON,Northeast
1387,NJ,MERCER,Northeast
1388,NJ,MIDDLESEX,Northeast
1389,NJ,MONMOUTH,Northeast
1390,NJ,MORRIS,Northeast
1391,NJ,OCEAN,Northeast
1392,NJ,PASSAIC,Northeast
1393,NJ,SALEM,Northeast
1394,NJ,SOMERSET,Northeast
1395,NJ,SUSSEX,Northeast
1396,NJ,UNION,Northeast
1397,NJ,WARREN,Northeast
1398,NM,BERNALILLO,West
1399,NM,CATRON,West
1400,NM,CHAVES,West
1401,NM,CIBOLA,West
1402,NM,CURRY,West
1403,NM,DONA ANA,West
1404,NM,EDDY,West
1405,NM,GRANT,West
1406,NM,GUADALUPE,West
1407,NM,LEA,West
1408,NM,LINCOLN,West
1409,NM,LOS ALAMOS,West
1410,NM,LUNA,West
1411,NM,MCKINLEY,West
1412,NM,OTERO,West
1413,NM,ROOSEVELT,West
1414,NM,SAN JUAN,West
1415,NM,SAN MIGUEL,West
1416,NM,SANDOVAL,West
1417,NM,SANTA FE,West
1418,NM,SIERRA,West
1419,NM,TAOS,West
1420,NM,TORRANCE,West
1421,NM,VALENCIA,West
1422,NV,CARSON CITY,West
1423,NV,CHURCHILL,West
1424,NV,CLARK,West
1425,NV,DOUGLAS,West
1426,NV,ELKO,West
1427,NV,EUREKA,West
1428,NV,HUMBOLDT,West
1429,NV,LANDER,West
1430,NV,LYON,West
1431,NV,MINERAL,West
1432,NV,NYE,West
1433,NV,PERSHING,West
1434,NV,STOREY,West
1435,NV,WASHOE,West
1436,NV,WHITE PINE,West
1437,NY,ALBANY,Northeast
1438,NY,ALLEGANY,Northeast
1439,NY,BRONX,Northeast
1440,NY,BROOME,Northeast
1441,NY,CATTARAUGUS,Northeast
1442,NY,CAYUGA,Northeast
1443,NY,CHAUTAUQUA,Northeast
1444,NY,CHEMUNG,Northeast
1445,NY,CHENANGO,Northeast
1446,NY,CLINTON,Northeast
1447,NY,COLUMBIA,Northeast
1448,NY,CORTLAND,Northeast
1449,NY,DELAWARE,Northeast
1450,NY,DUTCHESS,Northeast
1451,NY,ERIE,Northeast
1452,NY,ESSEX,Northeast
1453,NY,FRANKLIN,Northeast
1454,NY,FULTON,Northeast
1455,NY,GENESEE,Northeast
1456,NY,GREENE,Northeast
1457,NY,HAMILTON,Northeast
1458,NY,HERKIMER,Northeast
1459,NY,JEFFERSON,Northeast
1460,NY,KINGS,Northeast
1461,NY,LEWIS,Northeast
1462,NY,LIVINGSTON,Northeast
1463,NY,MADISON,Northeast
1464,NY,MONROE,Northeast
1465,NY,MONTGOMERY,Northeast
1466,NY,NASSAU,Northeast
1467,NY,NEW YORK,Northeast
1468,NY,NIAGARA,Northeast
1469,NY,ONEIDA,Northeast
1470,NY,ONONDAGA,Northeast
1471,NY,ONTARIO,Northeast
1472,NY,ORANGE,Northeast
1473,NY,ORLEANS,Northeast
1474,NY,OSWEGO,Northeast
1475,NY,OTSEGO,Northeast
1476,NY,PUTNAM,Northeast
1477,NY,QUEENS,Northeast
1478,NY,RENSSELAER,Northeast
1479,NY,RICHMOND,Northeast
1480,NY,ROCKLAND,Northeast
1481,NY,SAINT LAWRENCE,Northeast
1482,NY,SARATOGA,Northeast
1483,NY,SCHENECTADY,Northeast
1484,NY,SCHOHARIE,Northeast
1485,NY,SCHUYLER,Northeast
1486,NY,SENECA,Northeast
1487,NY,STEUBEN,Northeast
1488,NY,SUFFOLK,Northeast
1489,NY,SULLIVAN,Northeast
1490,NY,TIOGA,Northeast
1491,NY,TOMPKINS,Northeast
1492,NY,ULSTER,Northeast
1493,NY,WARREN,Northeast
1494,NY,WASHINGTON,Northeast
1495,NY,WAYNE,Northeast
1496,NY,WESTCHESTER,Northeast
1497,NY,WYOMING,Northeast
1498,NY,YATES,Northeast
1499,OH,ADAMS,Midwest
1500,OH,ALLEN,Midwest
1501,OH,ASHLAND,Midwest
1502,OH,ASHTABULA,Midwest
1503,OH,ATHENS,Midwest
1504,OH,AUGLAIZE,Midwest
1505,OH,BELMONT,Midwest
1506,OH,BROWN,Midwest
1507,OH,BUTLER,Midwest
1508,OH,CARROLL,Midwest
1509,OH,CHAMPAIGN,Midwest
1510,OH,CLARK,Midwest
1511,OH,CLERMONT,Midwest
1512,OH,CLINTON,Midwest
1513,OH,COLUMBIANA,Midwest
1514,OH,COSHOCTON,Midwest
1515,OH,CRAWFORD,Midwest
1516,OH,CUYAHOGA,Midwest
1517,OH,DARKE,Midwest
1518,OH,DEFIANCE,Midwest
1519,OH,DELAWARE,Midwest
1520,OH,ERIE,Midwest
1521,OH,FAIRFIELD,Midwest
1522,OH,FAYETTE,Midwest
1523,OH,FRANKLIN,Midwest
1524,OH,FULTON,Midwest
1525,OH,GALLIA,Midwest
1526,OH,GEAUGA,Midwest
1527,OH,GREENE,Midwest
1528,OH,GUERNSEY,Midwest
1529,OH,HAMILTON,Midwest
1530,OH,HANCOCK,Midwest
1531,OH,HARDIN,Midwest
1532,OH,HARRISON,Midwest
1533,OH,HENRY,Midwest
1534,OH,HIGHLAND,Midwest
1535,OH,HOCKING,Midwest
1536,OH,HOLMES,Midwest
1537,OH,HURON,Midwest
1538,OH,JEFFERSON,Midwest
1539,OH,KNOX,Midwest
1540,OH,LAKE,Midwest
1541,OH,LAWRENCE,Midwest
1542,OH,LICKING,Midwest
1543,OH,LOGAN,Midwest
1544,OH,LORAIN,Midwest
1545,OH,LUCAS,Midwest
1546,OH,MADISON,Midwest
1547,OH,MAHONING,Midwest
1548,OH,MARION,Midwest
1549,OH,MEDINA,Midwest
1550,OH,MEIGS,Midwest
1551,OH,MERCER,Midwest
1552,OH,MIAMI,Midwest
1553,OH,MONROE,Midwest
1554,OH,MONTGOMERY,Midwest
1555,OH,MORGAN,Midwest
1556,OH,MORROW,Midwest
1557,OH,MUSKINGUM,Midwest
1558,OH,NOBLE,Midwest
1559,OH,OTTAWA,Midwest
1560,OH,PAULDING,Midwest
1561,OH,PERRY,Midwest
1562,OH,PICKAWAY,Midwest
1563,OH,PORTAGE,Midwest
1564,OH,PREBLE,Midwest
1565,OH,PUTNAM,Midwest
1566,OH,RICHLAND,Midwest
1567,OH,ROSS,Midwest
1568,OH,SANDUSKY,Midwest
1569,OH,SCIOTO,Midwest
1570,OH,SENECA,Midwest
1571,OH,SHELBY,Midwest
1572,OH,STARK,Midwest
1573,OH,SUMMIT,Midwest
1574,OH,TRUMBULL,Midwest
1575,OH,TUSCARAWAS,Midwest
1576,OH,UNION,Midwest
1577,OH,VAN WERT,Midwest
1578,OH,VINTON,Midwest
1579,OH,WARREN,Midwest
1580,OH,WASHINGTON,Midwest
1581,OH,WAYNE,Midwest
1582,OH,WILLIAMS,Midwest
1583,OH,WOOD,Midwest
1584,OH,WYANDOT,Midwest
1585,OK,BEAVER,South
1586,OK,BECKHAM,South
1587,OK,BLAINE,South
1588,OK,BRYAN,South
1589,OK,CADDO,South
1590,OK,CANADIAN,South
1591,OK,CARTER,South
1592,OK,CHEROKEE,South
1593,OK,CHOCTAW,South
1594,OK,CLEVELAND,South
1595,OK,COMANCHE,South
1596,OK,CRAIG,South
1597,OK,CREEK,South
1598,OK,CUSTER,South
1599,OK,DELAWARE,South
1600,OK,ELLIS,South
1601,OK,GARFIELD,South
1602,OK,GARVIN,South
1603,OK,GRADY,South
1604,OK,GREER,South
1605,OK,HASKELL,South
1606,OK,JACKSON,South
1607,OK,JOHNSTON,South
1608,OK,KAY,South
1609,OK,KINGFISHER,South
1610,OK,LE FLORE,South
1611,OK,LINCOLN,South
1612,OK,LOGAN,South
1613,OK,MARSHALL,South
1614,OK,MAYES,South
1615,OK,MCCLAIN,South
1616,OK,MCCURTAIN,South
1617,OK,MCINTOSH,South
1618,OK,MUSKOGEE,South
1619,OK,OKLAHOMA,South
1620,OK,OKMULGEE,South
1621,OK,OSAGE,South
1622,OK,OTTAWA,South
1623,OK,PAWNEE,South
1624,OK,PAYNE,South
1625,OK,PITTSBURG,South
1626,OK,PONTOTOC,South
1627,OK,POTTAWATOMIE,South
1628,OK,PUSHMATAHA,South
1629,OK,ROGERS,South
1630,OK,SEMINOLE,South
1631,OK,SEQUOYAH,South
1632,OK,STEPHENS,South
1633,OK,TEXAS,South
1634,OK,TULSA,South
1635,OK,WAGONER,South
1636,OK,WASHINGTON,South
1637,OK,WASHITA,South
1638,OK,WOODWARD,South
1639,OR,BAKER,West
1640,OR,BENTON,West
1641,OR,CLACKAMAS,West
1642,OR,CLATSOP,West
1643,OR,COLUMBIA,West
1644,OR,COOS,West
1645,OR,CROOK,West
1646,OR,CURRY,West
1647,OR,DESCHUTES,West
1648,OR,DOUGLAS,West
1649,OR,HARNEY,West
1650,OR,HOOD RIVER,West
1651,OR,JACKSON,West
1652,OR,JEFFERSON,West
1653,OR,JOSEPHINE,West
1654,OR,KLAMATH,West
1655,OR,LAKE,West
1656,OR,LANE,West
1657,OR,LINCOLN,West
1658,OR,LINN,West
1659,OR,MALHEUR,West
1660,OR,MARION,West
1661,OR,MORROW,West
1662,OR,MULTNOMAH,West
1663,OR,POLK,West
1664,OR,TILLAMOOK,West
1665,OR,UMATILLA,West
1666,OR,UNION,West
1667,OR,WALLOWA,West
1668,OR,WASCO,West
1669,OR,WASHINGTON,West
1670,OR,YAMHILL,West
1671,PA,ADAMS,Northeast
1672,PA,ALLEGHENY,Northeast
1673,PA,ARMSTRONG,Northeast
1674,PA,BEAVER,Northeast
1675,PA,BEDFORD,Northeast
1676,PA,BERKS,Northeast
1677,PA,BLAIR,Northeast
1678,PA,BRADFORD,Northeast
1679,PA,BUCKS,Northeast
1680,PA,BUTLER,Northeast
1681,PA,CAMBRIA,Northeast
1682,PA,CAMERON,Northeast
1683,PA,CARBON,Northeast
1684,PA,CENTRE,Northeast
1685,PA,CHESTER,Northeast
1686,PA,CLARION,Northeast
1687,PA,CLEARFIELD,Northeast
1688,PA,CLINTON,Northeast
1689,PA,COLUMBIA,Northeast
1690,PA,CRAWFORD,Northeast
1691,PA,CUMBERLAND,Northeast
1692,PA,DAUPHIN,Northeast
1693,PA,DELAWARE,Northeast
1694,PA,ELK,Northeast
1695,PA,ERIE,Northeast
1696,PA,FAYETTE,Northeast
1697,PA,FRANKLIN,Northeast
1698,PA,FULTON,Northeast
1699,PA,GREENE,Northeast
1700,PA,HUNTINGDON,Northeast
1701,PA,INDIANA,Northeast
1702,PA,JEFFERSON,Northeast
1703,PA,LACKAWANNA,Northeast
1704,PA,LANCASTER,Northeast
1705,PA,LAWRENCE,Northeast
1706,PA,LEBANON,Northeast
1707,PA,LEHIGH,Northeast
1708,PA,LUZERNE,Northeast
1709,PA,LYCOMING,Northeast
1710,PA,MCKEAN,Northeast
1711,PA,MERCER,Northeast
1712,PA,MIFFLIN,Northeast
1713,PA,MONROE,Northeast
1714,PA,MONTGOMERY,Northeast
1715,PA,MONTOUR,Northeast
1716,PA,NORTHAMPTON,Northeast
1717,PA,NORTHUMBERLAND,Northeast
1718,PA,PERRY,Northeast
1719,PA,PHILADELPHIA,Northeast
1720,PA,PIKE,Northeast
1721,PA,POTTER,Northeast
1722,PA,SCHUYLKILL,Northeast
1723,PA,SNYDER,Northeast
1724,PA,SOMERSET,Northeast
1725,PA,SULLIVAN,Northeast
1726,PA,SUSQUEHANNA,Northeast
1727,PA,TIOGA,Northeast
1728,PA,UNION,Northeast
1729,PA,VENANGO,Northeast
1730,PA,WARREN,Northeast
1731,PA,WASHINGTON,Northeast
1732,PA,WAYNE,Northeast
1733,PA,WESTMORELAND,Northeast
1734,PA,WYOMING,Northeast
1735,PA,YORK,Northeast
1736,PR,ADJUNTAS,Territory
1737,PR,AGUADA,Territory
1738,PR,AGUADILLA,Territory
1739,PR,AGUAS BUENAS,Territory
1740,PR,AIBONITO,Territory
1741,PR,ANASCO,Territory
1742,PR,ARECIBO,Territory
1743,PR,ARROYO,Territory
1744,PR,BARCELONETA,Territory
1745,PR,BARRANQUITAS,Territory
1746,PR,BAYAMON,Territory
1747,PR,CABO ROJO,Territory
1748,PR,CAGUAS,Territory
1749,PR,CAMUY,Territory
1750,PR,CANOVANAS,Territory
1751,PR,CAROLINA,Territory
1752,PR,CATANO,Territory
1753,PR,CAYEY,Territory
1754,PR,CEIBA,Territory
1755,PR,CIALES,Territory
1756,PR,CIDRA,Territory
1757,PR,COAMO,Territory
1758,PR,COMERIO,Territory
1759,PR,COROZAL,Territory
1760,PR,DORADO,Territory
1761,PR,FAJARDO,Territory
1762,PR,FLORIDA,Territory
1763,PR,GUAYAMA,Territory
1764,PR,GUAYANILLA,Territory
1765,PR,GUAYNABO,Territory
1766,PR,GURABO,Territory
1767,PR,HATILLO,Territory
1768,PR,HORMIGUEROS,Territory
1769,PR,HUMACAO,Territory
1770,PR,ISABELA,Territory
1771,PR,JAYUYA,Territory
1772,PR,JUANA DIAZ,Territory
1773,PR,JUNCOS,Territory
1774,PR,LAJAS,Territory
1775,PR,LARES,Territory
1776,PR,LAS MARIAS,Territory
1777,PR,LAS PIEDRAS,Territory
1778,PR,LOIZA,Territory
1779,PR,LUQUILLO,Territory
1780,PR,MANATI,Territory
1781,PR,MAUNABO,Territory
1782,PR,MAYAGUEZ,Territory
1783,PR,MOCA,Territory
1784,PR,NAGUABO,Territory
1785,PR,NARANJITO,Territory
1786,PR,OROCOVIS,Territory
1787,PR,PATILLAS,Territory
1788,PR,PENUELAS,Territory
1789,PR,PONCE,Territory
1790,PR,QUEBRADILLAS,Territory
1791,PR,RINCON,Territory
1792,PR,RIO GRANDE,Territory
1793,PR,SABANA GRANDE,Territory
1794,PR,SALINAS,Territory
1795,PR,SAN GERMAN,Territory
1796,PR,SAN JUAN,Territory
1797,PR,SAN LORENZO,Territory
1798,PR,SAN SEBASTIAN,Territory
1799,PR,SANTA ISABEL,Territory
1800,PR,TOA ALTA,Territory
1801,PR,TOA BAJA,Territory
1802,PR,TRUJILLO ALTO,Territory
1803,PR,UTUADO,Territory
1804,PR,VEGA ALTA,Territory
1805,PR,VEGA BAJA,Territory
1806,PR,VIEQUES,Territory
1807,PR,VILLALBA,Territory
1808,PR,YABUCOA,Territory
1809,PR,YAUCO,Territory
1810,RI,BRISTOL,Northeast
1811,RI,KENT,Northeast
1812,RI,NEWPORT,Northeast
1813,RI,PROVIDENCE,Northeast
1814,RI,WASHINGTON,Northeast
1815,SC,ABBEVILLE,South
1816,SC,AIKEN,South
1817,SC,ANDERSON,South
1818,SC,BARNWELL,South
1819,SC,BEAUFORT,South
1820,SC,BERKELEY,South
1821,SC,CALHOUN,South
1822,SC,CHARLESTON,South
1823,SC,CHEROKEE,South
1824,SC,CHESTERFIELD,South
1825,SC,COLLETON,South
1826,SC,DARLINGTON,South
1827,SC,DORCHESTER,South
1828,SC,EDGEFIELD,South
1829,SC,FAIRFIELD,South
1830,SC,FLORENCE,South
1831,SC,GEORGETOWN,South
1832,SC,GREENVILLE,South
1833,SC,GREENWOOD,South
1834,SC,HORRY,South
1835,SC,JASPER,South
1836,SC,KERSHAW,South
1837,SC,LANCASTER,South
1838,SC,LAURENS,South
1839,SC,LEXINGTON,South
1840,SC,MARLBORO,South
1841,SC,NEWBERRY,South
1842,SC,OCONEE,South
1843,SC,ORANGEBURG,South
1844,SC,PICKENS,South
1845,SC,RICHLAND,South
1846,SC,SALUDA,South
1847,SC,SPARTANBURG,South
1848,SC,SUMTER,South
1849,SC,UNION,South
1850,SC,WILLIAMSBURG,South
1851,SC,YORK,South
1852,SD,BEADLE,Midwest
1853,SD,BROOKINGS,Midwest
1854,SD,BUTTE,Midwest
1855,SD,CAMPBELL,Midwest
1856,SD,CLAY,Midwest
1857,SD,CODINGTON,Midwest
1858,SD,CUSTER,Midwest
1859,SD,DAVISON,Midwest
1860,SD,DEUEL,Midwest
1861,SD,FALL RIVER,Midwest
1862,SD,HUGHES,Midwest
1863,SD,HUTCHINSON,Midwest
1864,SD,LAWRENCE,Midwest
1865,SD,LINCOLN,Midwest
1866,SD,MEADE,Midwest
1867,SD,MINNEHAHA,Midwest
1868,SD,MOODY,Midwest
1869,SD,PENNINGTON,Midwest
1870,SD,PINE RIDGE,Midwest
1871,SD,ROBERTS,Midwest
1872,SD,STANLEY,Midwest
1873,SD,TURNER,Midwest
1874,SD,UNION,Midwest
1875,SD,WALWORTH,Midwest
1876,TN,ANDERSON,South
1877,TN,BEDFORD,South
1878,TN,BLOUNT,South
1879,TN,BRADLEY,South
1880,TN,CAMPBELL,South
1881,TN,CANNON,South
1882,TN,CARROLL,South
1883,TN,CARTER,South
1884,TN,CHEATHAM,South
1885,TN,COCKE,South
1886,TN,COFFEE,South
1887,TN,CUMBERLAND,South
1888,TN,DAVIDSON,South
1889,TN,DICKSON,South
1890,TN,DYER,South
1891,TN,FAYETTE,South
1892,TN,FENTRESS,South
1893,TN,FRANKLIN,South
1894,TN,GIBSON,South
1895,TN,GILES,South
1896,TN,GREENE,South
1897,TN,HAMBLEN,South
1898,TN,HAMILTON,South
1899,TN,HARDEMAN,South
1900,TN,HAWKINS,South
1901,TN,HICKMAN,South
1902,TN,HOUSTON,South
1903,TN,HUMPHREYS,South
1904,TN,JEFFERSON,South
1905,TN,KNOX,South
1906,TN,LAWRENCE,South
1907,TN,LEWIS,South
1908,TN,LINCOLN,South
1909,TN,LOUDON,South
1910,TN,MACON,South
1911,TN,MADISON,South
1912,TN,MARSHALL,South
1913,TN,MAURY,South
1914,TN,MCMINN,South
1915,TN,MCNAIRY,South
1916,TN,MONROE,South
1917,TN,MONTGOMERY,South
1918,TN,POLK,South
1919,TN,PUTNAM,South
1920,TN,ROANE,South
1921,TN,ROBERTSON,South
1922,TN,RUTHERFORD,South
1923,TN,SCOTT,South
1924,TN,SEQUATCHIE,South
1925,TN,SEVIER,South
1926,TN,SHELBY,South
1927,TN,SULLIVAN,South
1928,TN,SUMNER,South
1929,TN,TIPTON,South
1930,TN,TROUSDALE,South
1931,TN,UNION,South
1932,TN,WASHINGTON,South
1933,TN,WEAKLEY,South
1934,TN,WHITE,South
1935,TN,WILLIAMSON,South
1936,TN,WILSON,South
1937,TX,ANDERSON,South
1938,TX,ANDREWS,South
1939,TX,ANGELINA,South
1940,TX,ARANSAS,South
1941,TX,ARCHER,South
1942,TX,ATASCOSA,South
1943,TX,AUSTIN,South
1944,TX,BAILEY,South
1945,TX,BASTROP,South
1946,TX,BEE,South
1947,TX,BELL,South
1948,TX,BEXAR,South
1949,TX,BLANCO,South
1950,TX,BOSQUE,South
1951,TX,BOWIE,South
1952,TX,BRAZORIA,South
1953,TX,BRAZOS,South
1954,TX,BREWSTER,South
1955,TX,BROWN,South
1956,TX,BURLESON,South
1957,TX,BURNET,South
1958,TX,CALDWELL,South
1959,TX,CAMERON,South
1960,TX,CAMP,South
1961,TX,CASS,South
1962,TX,CHAMBERS,South
1963,TX,CHEROKEE,South
1964,TX,CHILDRESS,South
1965,TX,CLAY,South
1966,TX,COCHRAN,South
1967,TX,COLEMAN,South
1968,TX,COLLIN,South
1969,TX,COLORADO,South
1970,TX,COMAL,South
1971,TX,COMANCHE,South
1972,TX,CONCHO,South
1973,TX,COOKE,South
1974,TX,CORYELL,South
1975,TX,CRANE,South
1976,TX,DALLAM,South
1977,TX,DALLAS,South
1978,TX,DAWSON,South
1979,TX,DE WITT,South
1980,TX,DEAF SMITH,South
1981,TX,DENTON,South
1982,TX,DICKENS,South
1983,TX,DIMMIT,South
1984,TX,EASTLAND,South
1985,TX,ECTOR,South
1986,TX,EL PASO,South
1987,TX,ELLIS,South
1988,TX,ERATH,South
1989,TX,FANNIN,South
1990,TX,FAYETTE,South
1991,TX,FLOYD,South
1992,TX,FORT BEND,South
1993,TX,FREESTONE,South
1994,TX,FRIO,South
1995,TX,GAINES,South
1996,TX,GALVESTON,South
1997,TX,GARZA,South
1998,TX,GILLESPIE,South
1999,TX,GLASSCOCK,South
2000,TX,GONZALES,South
2001,TX,GRAYSON,South
2002,TX,GREGG,South
2003,TX,GRIMES,South
2004,TX,GUADALUPE,South
2005,TX,HARDIN,South
2006,TX,HARRIS,South
2007,TX,HARRISON,South
2008,TX,HAYS,South
2009,TX,HEMPHILL,South
2010,TX,HENDERSON,South
2011,TX,HIDALGO,South
2012,TX,HILL,South
2013,TX,HOCKLEY,South
2014,TX,HOOD,South
2015,TX,HOPKINS,South
2016,TX,HUNT,South
2017,TX,JACKSON,South
2018,TX,JASPER,South
2019,TX,JEFFERSON,South
2020,TX,JIM WELLS,South
2021,TX,JOHNSON,South
2022,TX,KAUFMAN,South
2023,TX,KENDALL,South
2024,TX,KERR,South
2025,TX,LA SALLE,South
2026,TX,LAMAR,South
2027,TX,LAMB,South
2028,TX,LAMPASAS,South
2029,TX,LAVACA,South
2030,TX,LEE,South
2031,TX,LEON,South
2032,TX,LIBERTY,South
2033,TX,LIMESTONE,South
2034,TX,LIVE OAK,South
2035,TX,LLANO,South
2036,TX,LUBBOCK,South
2037,TX,LYNN,South
2038,TX,MADISON,South
2039,TX,MARION,South
2040,TX,MATAGORDA,South
2041,TX,MAVERICK,South
2042,TX,MCCULLOCH,South
2043,TX,MCLENNAN,South
2044,TX,MEDINA,South
2045,TX,MENARD,South
2046,TX,MIDLAND,South
2047,TX,MILLS,South
2048,TX,MONTGOMERY,South
2049,TX,MOORE,South
2050,TX,MORRIS,South
2051,TX,NACOGDOCHES,South
2052,TX,NAVARRO,South
2053,TX,NOLAN,South
2054,TX,NUECES,South
2055,TX,ORANGE,South
2056,TX,PALO PINTO,South
2057,TX,PANOLA,South
2058,TX,PARKER,South
2059,TX,POLK,South
2060,TX,POTTER,South
2061,TX,RAINS,South
2062,TX,RANDALL,South
2063,TX,REEVES,South
2064,TX,REFUGIO,South
2065,TX,ROBERTSON,South
2066,TX,ROCKWALL,South
2067,TX,RUNNELS,South
2068,TX,RUSK,South
2069,TX,SAN AUGUSTINE,South
2070,TX,SAN PATRICIO,South
2071,TX,SCURRY,South
2072,TX,SHACKELFORD,South
2073,TX,SHELBY,South
2074,TX,SHERMAN,South
2075,TX,SMITH,South
2076,TX,SOMERVELL,South
2077,TX,STARR,South
2078,TX,SUTTON,South
2079,TX,TARRANT,South
2080,TX,TAYLOR,South
2081,TX,TERRY,South
2082,TX,TOM GREEN,South
2083,TX,TRAVIS,South
2084,TX,TYLER,South
2085,TX,UPSHUR,South
2086,TX,UPTON,South
2087,TX,VAN ZANDT,South
2088,TX,VICTORIA,South
2089,TX,WALKER,South
2090,TX,WALLER,South
2091,TX,WARD,South
2092,TX,WASHINGTON,South
2093,TX,WEBB,South
2094,TX,WHARTON,South
2095,TX,WICHITA,South
2096,TX,WILLACY,South
2097,TX,WILLIAMSON,South
2098,TX,WILSON,South
2099,TX,WISE,South
2100,TX,WOOD,South
2101,TX,YOUNG,South
2102,TX,ZAPATA,South
2103,TX,ZAVALA,South
2104,UT,BOX ELDER,West
2105,UT,CACHE,West
2106,UT,CARBON,West
2107,UT,DAVIS,West
2108,UT,DUCHESNE,West
2109,UT,EMERY,West
2110,UT,GARFIELD,West
2111,UT,GRAND,West
2112,UT,IRON,West
2113,UT,JUAB,West
2114,UT,KANE,West
2115,UT,MILLARD,West
2116,UT,MORGAN,West
2117,UT,RICH,West
2118,UT,SALT LAKE,West
2119,UT,SAN JUAN,West
2120,UT,SANPETE,West
2121,UT,SEVIER,West
2122,UT,SUMMIT,West
2123,UT,TOOELE,West
2124,UT,UINTAH,West
2125,UT,UTAH,West
2126,UT,WASATCH,West
2127,UT,WASHINGTON,West
2128,UT,WEBER,West
2129,VA,ACCOMACK,South
2130,VA,ALBEMARLE,South
2131,VA,ALEXANDRIA CITY,South
2132,VA,ALLEGHANY,South
2133,VA,AMELIA,South
2134,VA,AMHERST,South
2135,VA,APPOMATTOX,South
2136,VA,ARLINGTON,South
2137,VA,AUGUSTA,South
2138,VA,BEDFORD,South
2139,VA,BOTETOURT,South
2140,VA,BRISTOL,South
2141,VA,BUCHANAN,South
2142,VA,BUCKINGHAM,South
2143,VA,BUENA VISTA CITY,South
2144,VA,CAMPBELL,South
2145,VA,CAROLINE,South
2146,VA,CARROLL,South
2147,VA,CHARLES CITY,South
2148,VA,CHARLOTTE,South
2149,VA,CHARLOTTESVILLE CITY,South
2150,VA,CHESAPEAKE CITY,South
2151,VA,CHESTERFIELD,South
2152,VA,COLONIAL HEIGHTS CITY,South
2153,VA,COVINGTON CITY,South
2154,VA,CULPEPER,South
2155,VA,CUMBERLAND,South
2156,VA,DANVILLE CITY,South
2157,VA,ESSEX,South
2158,VA,FAIRFAX,South
2159,VA,FAIRFAX CITY,South
2160,VA,FALLS CHURCH CITY,South
2161,VA,FAUQUIER,South
2162,VA,FLOYD,South
2163,VA,FLUVANNA,South
2164,VA,FRANKLIN,South
2165,VA,FREDERICK,South
2166,VA,FREDERICKSBURG CITY,South
2167,VA,GALAX CITY,South
2168,VA,GILES,South
2169,VA,GLOUCESTER,South
2170,VA,GOOCHLAND,South
2171,VA,GRAYSON,South
2172,VA,HALIFAX,South
2173,VA,HAMPTON CITY,South
2174,VA,HANOVER,South
2175,VA,HARRISONBURG CITY,South
2176,VA,HENRICO,South
2177,VA,HENRY,South
2178,VA,HOPEWELL CITY,South
2179,VA,ISLE OF WIGHT,South
2180,VA,JAMES CITY,South
2181,VA,KING AND QUEEN,South
2182,VA,KING WILLIAM,South
2183,VA,LANCASTER,South
2184,VA,LOUDOUN,South
2185,VA,LOUISA,South
2186,VA,LYNCHBURG CITY,South
2187,VA,MANASSAS CITY,South
2188,VA,MANASSAS PARK CITY,South
2189,VA,MONTGOMERY,South
2190,VA,NELSON,South
2191,VA,NEW KENT,South
2192,VA,NEWPORT NEWS CITY,South
2193,VA,NORFOLK CITY,South
2194,VA,NORTHAMPTON,South
2195,VA,NORTHUMBERLAND,South
2196,VA,ORANGE,South
2197,VA,PAGE,South
2198,VA,PATRICK,South
2199,VA,PETERSBURG CITY,South
2200,VA,PITTSYLVANIA,South
2201,VA,POQUOSON CITY,South
2202,VA,PORTSMOUTH CITY,South
2203,VA,POWHATAN,South
2204,VA,PRINCE EDWARD,South
2205,VA,PRINCE GEORGE,South
2206,VA,PRINCE WILLIAM,South
2207,VA,PULASKI,South
2208,VA,RICHMOND CITY,South
2209,VA,ROANOKE,South
2210,VA,ROANOKE CITY,South
2211,VA,ROCKBRIDGE,South
2212,VA,ROCKINGHAM,South
2213,VA,SALEM,South
2214,VA,SHENANDOAH,South
2215,VA,SPOTSYLVANIA,South
2216,VA,STAFFORD,South
2217,VA,STAUNTON CITY,South
2218,VA,SUFFOLK CITY,South
2219,VA,TAZEWELL,South
2220,VA,VIRGINIA BEACH CITY,South
2221,VA,WARREN,South
2222,VA,WASHINGTON,South
2223,VA,WAYNESBORO CITY,South
2224,VA,WESTMORELAND,South
2225,VA,WILLIAMSBURG CITY,South
2226,VA,WINCHESTER CITY,South
2227,VA,WYTHE,South
2228,VA,YORK,South
2229,VI,SAINT CROIX,Territory
2230,VI,SAINT JOHN,Territory
2231,VI,SAINT THOMAS,Territory
2232,VT,ADDISON,Northeast
2233,VT,BENNINGTON,Northeast
2234,VT,CALEDONIA,Northeast
2235,VT,CHITTENDEN,Northeast
2236,VT,FRANKLIN,Northeast
2237,VT,LAMOILLE,Northeast
2238,VT,ORANGE,Northeast
2239,VT,ORLEANS,Northeast
2240,VT,RUTLAND,Northeast
2241,VT,WASHINGTON,Northeast
2242,VT,WINDHAM,Northeast
2243,VT,WINDSOR,Northeast
2244,WA,ADAMS,West
2245,WA,BENTON,West
2246,WA,CHELAN,West
2247,WA,CLALLAM,West
2248,WA,CLARK,West
2249,WA,COLUMBIA,West
2250,WA,COWLITZ,West
2251,WA,DOUGLAS,West
2252,WA,FERRY,West
2253,WA,FRANKLIN,West
2254,WA,GRANT,West
2255,WA,GRAYS HARBOR,West
2256,WA,ISLAND,West
2257,WA,JEFFERSON,West
2258,WA,KING,West
2259,WA,KITSAP,West
2260,WA,KITTITAS,West
2261,WA,KLICKITAT,West
2262,WA,LEWIS,West
2263,WA,LINCOLN,West
2264,WA,MASON,West
2265,WA,OKANOGAN,West
2266,WA,PACIFIC,West
2267,WA,PEND OREILLE,West
2268,WA,PIERCE,West
2269,WA,SAN JUAN,West
2270,WA,SKAGIT,West
2271,WA,SKAMANIA,West
2272,WA,SNOHOMISH,West
2273,WA,SPOKANE,West
2274,WA,STEVENS,West
2275,WA,THURSTON,West
2276,WA,WALLA WALLA,West
2277,WA,WHATCOM,West
2278,WA,WHITMAN,West
2279,WA,YAKIMA,West
2280,WI,ADAMS,Midwest
2281,WI,ASHLAND,Midwest
2282,WI,BARRON,Midwest
2283,WI,BAYFIELD,Midwest
2284,WI,BROWN,Midwest
2285,WI,BUFFALO,Midwest
2286,WI,BURNETT,Midwest
2287,WI,CHIPPEWA,Midwest
2288,WI,CLARK,Midwest
2289,WI,COLUMBIA,Midwest
2290,WI,CRAWFORD,Midwest
2291,WI,DANE,Midwest
2292,WI,DODGE,Midwest
2293,WI,DOOR,Midwest
2294,WI,DOUGLAS,Midwest
2295,WI,DUNN,Midwest
2296,WI,EAU CLAIRE,Midwest
2297,WI,FOND DU LAC,Midwest
2298,WI,FOREST,Midwest
2299,WI,GRANT,Midwest
2300,WI,GREEN,Midwest
2301,WI,GREEN LAKE,Midwest
2302,WI,IOWA,Midwest
2303,WI,IRON,Midwest
2304,WI,JACKSON,Midwest
2305,WI,JEFFERSON,Midwest
2306,WI,JUNEAU,Midwest
2307,WI,KENOSHA,Midwest
2308,WI,KEWAUNEE,Midwest
2309,WI,LA CROSSE,Midwest
2310,WI,LANGLADE,Midwest
2311,WI,MANITOWOC,Midwest
2312,WI,MARATHON,Midwest
2313,WI,MARINETTE,Midwest
2314,WI,MARQUETTE,Midwest
2315,WI,MILWAUKEE,Midwest
2316,WI,MONROE,Midwest
2317,WI,OCONTO,Midwest
2318,WI,ONEIDA,Midwest
2319,WI,OUTAGAMIE,Midwest
2320,WI,OZAUKEE,Midwest
2321,WI,PEPIN,Midwest
2322,WI,PIERCE,Midwest
2323,WI,POLK,Midwest
2324,WI,PORTAGE,Midwest
2325,WI,PRICE,Midwest
2326,WI,RACINE,Midwest
2327,WI,RICHLAND,Midwest
2328,WI,ROCK,Midwest
2329,WI,SAINT CROIX,Midwest
2330,WI,SAUK,Midwest
2331,WI,SAWYER,Midwest
2332,WI,SHAWANO,Midwest
2333,WI,SHEBOYGAN,Midwest
2334,WI,TAYLOR,Midwest
2335,WI,TREMPEALEAU,Midwest
2336,WI,VERNON,Midwest
2337,WI,VILAS,Midwest
2338,WI,WALWORTH,Midwest
2339,WI,WASHBURN,Midwest
2340,WI,WASHINGTON,Midwest
2341,WI,WAUKESHA,Midwest
2342,WI,WAUPACA,Midwest
2343,WI,WAUSHARA,Midwest
2344,WI,WINNEBAGO,Midwest
2345,WI,WOOD,Midwest
2346,WV,BARBOUR,South
2347,WV,BERKELEY,South
2348,WV,BOONE,South
2349,WV,BRAXTON,South
2350,WV,BROOKE,South
2351,WV,CABELL,South
2352,WV,FAYETTE,South
2353,WV,GREENBRIER,South
2354,WV,HAMPSHIRE,South
2355,WV,HANCOCK,South
2356,WV,HARDY,South
2357,WV,HARRISON,South
2358,WV,JACKSON,South
2359,WV,JEFFERSON,South
2360,WV,KANAWHA,South
2361,WV,LEWIS,South
2362,WV,LINCOLN,South
2363,WV,LOGAN,South
2364,WV,MARION,South
2365,WV,MERCER,South
2366,WV,MINERAL,South
2367,WV,MINGO,South
2368,WV,MONONGALIA,South
2369,WV,MONROE,South
2370,WV,MORGAN,South
2371,WV,NICHOLAS,South
2372,WV,OHIO,South
2373,WV,PRESTON,South
2374,WV,PUTNAM,South
2375,WV,RALEIGH,South
2376,WV,RANDOLPH,South
2377,WV,RITCHIE,South
2378,WV,ROANE,South
2379,WV,SUMMERS,South
2380,WV,TAYLOR,South
2381,WV,UPSHUR,South
2382,WV,WAYNE,South
2383,WV,WETZEL,South
2384,WV,WOOD,South
2385,WV,WYOMING,South
2386,WY,ALBANY,West
2387,WY,BIG HORN,West
2388,WY,CAMPBELL,West
2389,WY,CARBON,West
2390,WY,CONVERSE,West
2391,WY,FREMONT,West
2392,WY,GOSHEN,West
2393,WY,HOT SPRINGS,West
2394,WY,LARAMIE,West
2395,WY,LINCOLN,West
2396,WY,NATRONA,West
2397,WY,PARK,West
2398,WY,SHERIDAN,West
2399,WY,SWEETWATER,West
2400,WY,TETON,West
2401,WY,UINTA,West
2402,WY,WASHAKIE,West
